{
  "sop_id": "LineEnt",
  "start_code": "S000",
  "frames": [
    {
      "sop_id": "LineEnt",
      "frame_code": "S000",
      "title": "S000. Opening Slide for Sales Order Line Entry Deck",
      "image": "../images/LineEnt/S000.png",
      "decision_question": "",
      "choices": [
        {
          "to": "S001",
          "label": "About SE and   Infor  Training"
        }
      ],
      "narr1": "Slide S000. Opening Slide for Sales Order Line Entry Deck — Opening Slide for Sales Order Line Entry Deck.",
      "narr2": "",
      "narr3": "S000. Opening Slide for Sales Order Line Entry Deck -  this deck of slides or pictures is the quote to order process which is part of quote to cash Work Flow",
      "uap_url": "",
      "uap_label": "",
      "FAQ_Loc": "../outputs/faq",
      "FAQ_File": "LineEnt_FAQ.html",
      "FAQ_Label": "FAQ & Tips",
      "Quiz_Loc": "",
      "Quiz_File": "",
      "Quiz_Label": "",
      "meta": {
        "entity": "SE",
        "function": "Distro",
        "subentity": "Sales"
      }
    },
    {
      "sop_id": "LineEnt",
      "frame_code": "S001",
      "title": "S001. About Scott Electric and Welcome to Training",
      "image": "../images/LineEnt/S001.png",
      "decision_question": "",
      "choices": [
        {
          "to": "S002",
          "label": "Go to Quote to Cash Work Flow"
        }
      ],
      "narr1": "Slide S001. About Scott Electric and Welcome to Training — About Scott Electric and Welcome to Training.",
      "narr2": "",
      "narr3": "S001. About Scott Electric and Welcome to Training -  Scott Electric is a leading independent wholesale electrical distributor, serving electrical, mechanical, and general contractors, industrial customers, government agencies, and retail partners. The company provides a broad range of electrical products, lighting, tools, and related services to support both day-to-day operations and long-term projects. Welcome to the Scott Electric Training Site   Welcome to the Scott Electric Training Site. This platform is designed to help you build the knowledge and skills needed to support our customers safely, accurately, and efficiently. Here you will find guided learning, reference materials, and role-based courses aligned with how we work every day -  in sales, operations, service, administration, and support.   Thank you for investing your time in training. Your commitment to learning and improvement is an important part of keeping Scott Electric strong, responsive, and customer-focused.",
      "uap_url": "",
      "uap_label": "",
      "FAQ_Loc": "../outputs/faq",
      "FAQ_File": "LineEnt2_FAQ.html",
      "FAQ_Label": "FAQ & Tips",
      "Quiz_Loc": "",
      "Quiz_File": "",
      "Quiz_Label": "",
      "meta": {
        "entity": "SE",
        "function": "Distro",
        "subentity": "Sales"
      }
    },
    {
      "sop_id": "LineEnt",
      "frame_code": "S002",
      "title": "S002. Quote to Cash Work Flow At SE Electrical Distribution",
      "image": "../images/LineEnt/S002.png",
      "decision_question": "",
      "choices": [
        {
          "to": "S003",
          "label": "Quote to Cash in Pictures"
        }
      ],
      "narr1": "Slide S002. Quote to Cash Work Flow At SE Electrical Distribution — Quote to Cash Work Flow At SE Electrical Distribution.",
      "narr2": "",
      "narr3": "S002. Quote to Cash Work Flow At SE Electrical Distribution -  This site is a typical Quote to cache representation in what is called a workflow This outlines the various steps performed by various swim lanes if you will or functional groups and provides a overall picture of how we end up serving our customers and continuing to keep our creed of customer comes first",
      "uap_url": "",
      "uap_label": "",
      "FAQ_Loc": "../outputs/faq",
      "FAQ_File": "LineEnt2_FAQ.html",
      "FAQ_Label": "FAQ & Tips",
      "Quiz_Loc": "",
      "Quiz_File": "",
      "Quiz_Label": "",
      "meta": {
        "entity": "SE",
        "function": "Distro",
        "subentity": "Sales"
      }
    },
    {
      "sop_id": "LineEnt",
      "frame_code": "S003",
      "title": "S003. Pictorial representation of Quote to Cash - At SE Electrical Distribution",
      "image": "../images/LineEnt/S003.png",
      "decision_question": "",
      "choices": [
        {
          "to": "M1",
          "label": "To Sales Order Line Entry"
        }
      ],
      "narr1": "Slide S003. Pictorial representation of Quote to Cash — Pictorial representation of Quote to Cash.",
      "narr2": "",
      "narr3": "S003. Pictorial representation of Quote to Cash - At SE Electrical Distribution -  This slide is aptly named The Pictorial Representation of Quote to Cash at Scott Electric the distribution business While this light is the precursor to the focused area of Quote to cache the picture shows how the various phases within that task is directly or indirectly affecting other components within the system for example an inventory is consumed the inventory has to be replenished and that is done by the procure to pay cycle Similarly because a sales occurred there has to be accounting for the sale and also at the end of the day collection of the payment against the invoice so hence that goes into the financial side of the impact now because inventory is being both consumed replenished and in some cases being procured and directly shipped to the customer that has a direct impact on how the inventory is managed within the system",
      "uap_url": "",
      "uap_label": "",
      "FAQ_Loc": "../outputs/faq",
      "FAQ_File": "LineEnt2_FAQ.html",
      "FAQ_Label": "FAQ & Tips",
      "Quiz_Loc": "",
      "Quiz_File": "",
      "Quiz_Label": "",
      "meta": {
        "entity": "SE",
        "function": "Distro",
        "subentity": "Sales"
      }
    },
    {
      "sop_id": "LineEnt",
      "frame_code": "M1",
      "title": "M1. Sales Order Line Entry - At SE Electrical Distribution",
      "image": "../images/LineEnt/M1.png",
      "decision_question": "",
      "choices": [
        {
          "to": "D1",
          "label": "Go to A decision on using \"Easy Entry\""
        }
      ],
      "narr1": "Slide M1. Sales Order Line Entry — Sales Order Line Entry.",
      "narr2": "",
      "narr3": "M1. Sales Order Line Entry - At SE Electrical Distribution -  Use these instructions to enter a Stock Order (SO) for a customer. Select Sales > Entry > Order. Select Stock Order in the Order Type field. Complete the remaining fields on the page, and then click Next. Add line items. See Line entry modes. Click Taxes and Totals. Verify or complete the tax information. Apply any discounts or addons. Click Recalculate to update the order total. Optionally, click Freight Rate Shop to view shipping options. Click Collect Payment. Complete the payment information. If you are accepting a cash, check, or credit card payment, verify the journal settings and then click OK. Click Save to complete the order.",
      "uap_url": "",
      "uap_label": "",
      "FAQ_Loc": "../outputs/faq",
      "FAQ_File": "LineEnt2_FAQ.html",
      "FAQ_Label": "FAQ & Tips",
      "Quiz_Loc": "",
      "Quiz_File": "",
      "Quiz_Label": "",
      "meta": {
        "entity": "SE",
        "function": "Distro",
        "subentity": "Sales"
      }
    },
    {
      "sop_id": "LineEnt",
      "frame_code": "D1",
      "title": "D1. A decision on whether the user want to enter lines using \"Easy\" entry - At SE Electrical Distribution",
      "image": "../images/LineEnt/D1.png",
      "decision_question": "User must choose Easy Line entry or other",
      "choices": [
        {
          "to": "Y1",
          "label": "Yes, using Easy Entry"
        },
        {
          "to": "N1",
          "label": "No, the user is not using Easy line Entry"
        }
      ],
      "narr1": "Slide D1. A decision on whether the user want to enter lines using \"Easy\" entry — Are you Using Easy entry.",
      "narr2": "",
      "narr3": "D1. A decision on whether the user want to enter lines using Easy Line  entry - At SE Electrical Distribution -  The user is about to enter the order lines and is faced with the decision on which order entry method best suits the current order Hence the question is asked would you like to use Easy order entry",
      "uap_url": "",
      "uap_label": "",
      "FAQ_Loc": "../outputs/faq",
      "FAQ_File": "LineEnt2_FAQ.html",
      "FAQ_Label": "FAQ & Tips",
      "Quiz_Loc": "",
      "Quiz_File": "",
      "Quiz_Label": "",
      "meta": {
        "entity": "SE",
        "function": "Distro",
        "subentity": "Sales"
      }
    },
    {
      "sop_id": "LineEnt",
      "frame_code": "Y1",
      "title": "Y1. User has selected Easy entry - At SE Electrical Distribution",
      "image": "../images/LineEnt/Y1.png",
      "decision_question": "",
      "choices": [
        {
          "to": "S1",
          "label": "To Easy Entry Method"
        }
      ],
      "narr1": "Slide Y1. User has selected Easy entry — User has selected Easy entry.",
      "narr2": "",
      "narr3": "Y1. User has selected Easy entry -  User has opted to use the easy line entry Easy Use this mode to conduct a global search for a product. You can use values such as cross-reference values and the product description to search a product. You can add a single line item or multiple line items to the order in this mode. If you specify a price before dropping the line to the grid, it is treated as a price override. The price that is entered is used regardless of what is set up on the Product Setup or Product Warehouse Product Setup record. Note: Pricing logic is not initiated when you select products in Easy Line Entry mode. If you use PD Pricing Setup records to set pricing and discounts for most of your products, you can enable alerts about products with associated PD records. Select the Check for Non-Standard Products in Easy and Quick Line Entry option in Sales Order Entry-Order Entry Defaults.",
      "uap_url": "",
      "uap_label": "",
      "FAQ_Loc": "../outputs/faq",
      "FAQ_File": "LineEnt2_FAQ.html",
      "FAQ_Label": "FAQ & Tips",
      "Quiz_Loc": "",
      "Quiz_File": "",
      "Quiz_Label": "",
      "meta": {
        "entity": "SE",
        "function": "Distro",
        "subentity": "Sales"
      }
    },
    {
      "sop_id": "LineEnt",
      "frame_code": "S1",
      "title": "S1. Easy Line entry Selected- At SE Electrical Distribution",
      "image": "../images/LineEnt/S1.png",
      "decision_question": "",
      "choices": [
        {
          "to": "S2",
          "label": "Search products to Add"
        }
      ],
      "narr1": "Slide S1. Easy Line entry Selected — Easy Line entry method and its steps are detailed here.",
      "narr2": "",
      "narr3": "S1. Easy Line entry Selected- -  Easy Use this mode to conduct a global search for a product. You can use values such as cross-reference values and the product description to search a product. You can add a single line item or multiple line items to the order in this mode. If you specify a price before dropping the line to the grid, it is treated as a price override. The price that is entered is used regardless of what is set up on the Product Setup or Product Warehouse Product Setup record. Note: Pricing logic is not initiated when you select products in Easy Line Entry mode. If you use PD Pricing Setup records to set pricing and discounts for most of your products, you can enable alerts about products with associated PD records. Select the Check for Non-Standard Products in Easy and Quick Line Entry option in Sales Order Entry-Order Entry Defaults. some things to note about easy line entry The price that is displayed is based on product records. You can select Check for Non-Standard Products in Easy and Quick Line Entry in Sales Order Entry-Order Entry Defaults to receive alerts about promotional products that are set up in PD Pricing Setup and other non-standard and restricted products. Hold your mouse over the warning or error icon to view messages. You cannot add products with errors to the order.",
      "uap_url": "https://scottelectricusa.uap.infor.com/#/content/7969a0f7-c09a-48bf-b76a-6a81b23472b0?contextId=d8a3b962-08bf-4d5f-bdaa-cd31b1159dc8",
      "uap_label": "13_Add Items Using Easy Line Entry",
      "FAQ_Loc": "../outputs/faq",
      "FAQ_File": "LineEnt2_FAQ.html",
      "FAQ_Label": "FAQ & Tips",
      "Quiz_Loc": "",
      "Quiz_File": "",
      "Quiz_Label": "",
      "meta": {
        "entity": "SE",
        "function": "Distro",
        "subentity": "Sales"
      }
    },
    {
      "sop_id": "LineEnt",
      "frame_code": "S2",
      "title": "S2. Search Products to add - At SE Electrical Distribution",
      "image": "../images/LineEnt/S2.png",
      "decision_question": "",
      "choices": [
        {
          "to": "S3",
          "label": "Enter quantity"
        }
      ],
      "narr1": "Slide S2. Search Products to add — Search Products to add.",
      "narr2": "",
      "narr3": "S2. Search Products to add - -  During line entry products are searched in the easy mode the search option is Product and within that typing a few characters from the product will bring up matching list and will show you the quantity on hand under :in stock\"",
      "uap_url": "https://scottelectricusa.uap.infor.com/#/content/8d450b15-6b66-418a-839f-22628f8d8ca3?contextId=131788f7-2931-41c6-8ef3-a61b879b71f9",
      "uap_label": "01_Product Inquiry",
      "FAQ_Loc": "../outputs/faq",
      "FAQ_File": "LineEnt2_FAQ.html",
      "FAQ_Label": "FAQ & Tips",
      "Quiz_Loc": "",
      "Quiz_File": "",
      "Quiz_Label": "",
      "meta": {
        "entity": "SE",
        "function": "Distro",
        "subentity": "Sales"
      }
    },
    {
      "sop_id": "LineEnt",
      "frame_code": "S3",
      "title": "S3. Enter the Quantity required - At SE Electrical Distribution",
      "image": "../images/LineEnt/S3.png",
      "decision_question": "",
      "choices": [
        {
          "to": "S4",
          "label": "To Adding addition lines to order"
        }
      ],
      "narr1": "Slide S3. Enter the Quantity required — Enter Required quantity.",
      "narr2": "",
      "narr3": "S3. Enter the Quantity required -  Before entering the quantity ensure that the product is available so the delivery requirements of the customer are met",
      "uap_url": "",
      "uap_label": "",
      "FAQ_Loc": "../outputs/faq",
      "FAQ_File": "LineEnt2_FAQ.html",
      "FAQ_Label": "FAQ & Tips",
      "Quiz_Loc": "",
      "Quiz_File": "",
      "Quiz_Label": "",
      "meta": {
        "entity": "SE",
        "function": "Distro",
        "subentity": "Sales"
      }
    },
    {
      "sop_id": "LineEnt",
      "frame_code": "S4",
      "title": "S4. Add additional product to Sales order - At SE Electrical Distribution",
      "image": "../images/LineEnt/S4.png",
      "decision_question": "Proceed to another branch or to the end of the path",
      "choices": [
        {
          "to": "D2",
          "label": "Add additional items to the order"
        },
        {
          "to": "S998",
          "label": "GO to the End of the Path"
        }
      ],
      "narr1": "Slide S4. Add additional product to Sales order — How to add additional line to this order is discussed here.",
      "narr2": "",
      "narr3": "S4. Add additional product to Sales order -  by searching for it and adding after entering the quality",
      "uap_url": "https://scottelectricusa.uap.infor.com/#/content/7969a0f7-c09a-48bf-b76a-6a81b23472b0?contextId=d8a3b962-08bf-4d5f-bdaa-cd31b1159dc8",
      "uap_label": "13_Add Items Using Easy Line Entry",
      "FAQ_Loc": "../outputs/faq",
      "FAQ_File": "LineEnt2_FAQ.html",
      "FAQ_Label": "FAQ & Tips",
      "Quiz_Loc": "",
      "Quiz_File": "",
      "Quiz_Label": "",
      "meta": {
        "entity": "SE",
        "function": "Distro",
        "subentity": "Sales"
      }
    },
    {
      "sop_id": "LineEnt",
      "frame_code": "D2",
      "title": "D2. A decision on whether the user want to enter lines using \"Shopping List\" entry - At SE Electrical Distribution",
      "image": "../images/LineEnt/D2.png",
      "decision_question": "User Must choose using Shopping cart or other",
      "choices": [
        {
          "to": "Y2",
          "label": "Yes , Line entry using shopping list is being used"
        },
        {
          "to": "N2",
          "label": "No, the user is not using \"Shopping List\" Entry"
        }
      ],
      "narr1": "Slide D2. A decision on whether the user want to enter lines using \"Shopping List\" entry — A decision on whether the user want to enter lines using \"Shopping List\" entry.",
      "narr2": "",
      "narr3": "D2. A decision on whether the user want to enter lines using Shopping list List  entry -  The user has chosen not to use the easy entry and is now asked if they would lie to use a shopping list",
      "uap_url": "",
      "uap_label": "",
      "FAQ_Loc": "../outputs/faq",
      "FAQ_File": "LineEnt2_FAQ.html",
      "FAQ_Label": "FAQ & Tips",
      "Quiz_Loc": "",
      "Quiz_File": "",
      "Quiz_Label": "",
      "meta": {
        "entity": "SE",
        "function": "Distro",
        "subentity": "Sales"
      }
    },
    {
      "sop_id": "LineEnt",
      "frame_code": "Y2",
      "title": "Y2. Yes, Line entry using shopping list is being used - At SE Electrical Distribution",
      "image": "../images/LineEnt/Y2.png",
      "decision_question": "",
      "choices": [
        {
          "to": "S5",
          "label": "Go to Shopping List Entry"
        }
      ],
      "narr1": "Slide Y2. Yes, Line entry using shopping list is being used — Yes, Line entry using shopping list is being used.",
      "narr2": "",
      "narr3": "Y2. Yes, Line entry using shopping list is being used -  the user has chosen to use a \"Shopping list \" Method of entry",
      "uap_url": "",
      "uap_label": "",
      "FAQ_Loc": "../outputs/faq",
      "FAQ_File": "LineEnt2_FAQ.html",
      "FAQ_Label": "FAQ & Tips",
      "Quiz_Loc": "",
      "Quiz_File": "",
      "Quiz_Label": "",
      "meta": {
        "entity": "SE",
        "function": "Distro",
        "subentity": "Sales"
      }
    },
    {
      "sop_id": "LineEnt",
      "frame_code": "S5",
      "title": "S5. Shopping List Entry - At SE Electrical Distribution",
      "image": "../images/LineEnt/S5.png",
      "decision_question": "",
      "choices": [
        {
          "to": "S6",
          "label": "Go to select shopping list type"
        }
      ],
      "narr1": "Slide S5. Shopping List Entry — Shopping List Entry. Process.",
      "narr2": "",
      "narr3": "",
      "uap_url": "https://scottelectricusa.uap.infor.com/#/content/3b861bdc-d798-4398-93df-90c128af60bc?contextId=4c116798-abf1-4daf-b5d8-d2d249ecdaf2",
      "uap_label": "01_Review the Shopping List",
      "FAQ_Loc": "../outputs/faq",
      "FAQ_File": "LineEnt2_FAQ.html",
      "FAQ_Label": "FAQ & Tips",
      "Quiz_Loc": "",
      "Quiz_File": "",
      "Quiz_Label": "",
      "meta": {
        "entity": "SE",
        "function": "Distro",
        "subentity": "Sales"
      }
    },
    {
      "sop_id": "LineEnt",
      "frame_code": "S6",
      "title": "S6. select shopping list type - At SE Electrical Distribution",
      "image": "../images/LineEnt/S6.png",
      "decision_question": "",
      "choices": [
        {
          "to": "S7",
          "label": "Go to Enter List Criteria"
        }
      ],
      "narr1": "Slide S6. select shopping list type — select shopping list type.",
      "narr2": "",
      "narr3": "S6. select shopping list type -  Promotional Products shopping list Promotional products are products that are on sale at a special price or discount for a limited time. Promotional pricing records are set up in PD Pricing Setup at either the product or product price type level. When you add the product to the customer's order, the price is obtained from PD Pricing Setup. The promotional price is then charged to the customer. You can view pricing detail in the Pricing view in the Add Line Item section of Sales Order Entry. To view all current promotions, select the Shopping List option and then click Promotional Products. Recalling a large number of records can affect your system's performance. To minimize the number of records to sort through, specify the maximum number of records to display. You can also filter the records that are displayed in Customer Order Pad Filter Setup to view only specific customers, customer types, and product categories. When filters are defined, those particular records are not displayed in the Shopping List. When you select to automatically launch this style, each time the Shopping List is accessed, promotional pricing is launched. If you clear the Automatically Launch This Style option, you can select from the different styles available. Past Sales shopping list You can select products from a list of products that the customer has purchased previously by selecting Past Sales. Specify a range of months and the number of product records to recall for the Shopping List. You can also include past sales for these types of products: Nonstock products Products that were sold from the warehouse on the order to the customer on the order and the customer's ship tos. Products that were sold to the customer or ship to on the order from any warehouse. The recommended quantity for the products in the Shopping List is based on the first order found. To see past sales information as monthly totals, use the Past Sales window. Previous Orders shopping list Customers often order the same product repeatedly, or duplicate entire orders. The Previous Orders function lets you import product from up to 10 past orders into the current Shopping List. These orders can originate from any customer account. Because your pricing might have changed since the original order was shipped, you can have the system re-price the products or retain the original pricing. The recommended quantity is based on the first order found. Product List shopping list Product lists are user-defined lists of product set up in Product List Setup. Sales personnel or inbound call centers use these lists primarily to promote product sales on slow-moving products or overstocked products to their customers. If you use a Product List, select the Product List Type and specify the number of products you want to recall. The product list is then moved into your current Shopping List. The recommended quantity is based on the product list.",
      "uap_url": "",
      "uap_label": "",
      "FAQ_Loc": "../outputs/faq",
      "FAQ_File": "LineEnt2_FAQ.html",
      "FAQ_Label": "FAQ & Tips",
      "Quiz_Loc": "",
      "Quiz_File": "",
      "Quiz_Label": "",
      "meta": {
        "entity": "SE",
        "function": "Distro",
        "subentity": "Sales"
      }
    },
    {
      "sop_id": "LineEnt",
      "frame_code": "S7",
      "title": "S7. Enter List Criteria - At SE Electrical Distribution",
      "image": "../images/LineEnt/S7.png",
      "decision_question": "",
      "choices": [
        {
          "to": "S8",
          "label": "Go to Enter Quantity"
        }
      ],
      "narr1": "Slide S7. Enter List Criteria — Enter List Criteria.",
      "narr2": "",
      "narr3": "S7. Enter List Criteria -  The ordering history information is from the SM Extended Totals Warehouse/Product by Customer Report. The information contained in this file is automatically updated each time Sales Entry Processing Invoice Processing Report is generated, if the Customer, Product Category by Warehouse options are selected in SA Administrator Options-Sales History-Levels. The Update Sales Manager option must also be selected in Sales Entry Processing Invoice Processing Report. You can filter the ordering history information by setting up records in Customer Order Pad Filter Setup for specific customers or customer types and product categories. When you set up a customer or customer type with product categories in Customer Order Pad Filter Setup, those product categories are not displayed when you use the Shopping List.",
      "uap_url": "",
      "uap_label": "",
      "FAQ_Loc": "../outputs/faq",
      "FAQ_File": "LineEnt2_FAQ.html",
      "FAQ_Label": "FAQ & Tips",
      "Quiz_Loc": "",
      "Quiz_File": "",
      "Quiz_Label": "",
      "meta": {
        "entity": "SE",
        "function": "Distro",
        "subentity": "Sales"
      }
    },
    {
      "sop_id": "LineEnt",
      "frame_code": "S8",
      "title": "S8. Enter Quantity - At SE Electrical Distribution",
      "image": "../images/LineEnt/S8.png",
      "decision_question": "Proceed to another branch or to the end of the path",
      "choices": [
        {
          "to": "S9",
          "label": "Go to Add additional products to the list"
        },
        {
          "to": "S998",
          "label": "GO to the End of the Path"
        }
      ],
      "narr1": "Slide S8. Enter Quantity — Enter Quantity.",
      "narr2": "",
      "narr3": "S8. Enter Quantity -  Before entering the quantity ensure that the product is available so the delivery requirements of the customer are met",
      "uap_url": "",
      "uap_label": "",
      "FAQ_Loc": "../outputs/faq",
      "FAQ_File": "LineEnt2_FAQ.html",
      "FAQ_Label": "FAQ & Tips",
      "Quiz_Loc": "",
      "Quiz_File": "",
      "Quiz_Label": "",
      "meta": {
        "entity": "SE",
        "function": "Distro",
        "subentity": "Sales"
      }
    },
    {
      "sop_id": "LineEnt",
      "frame_code": "S9",
      "title": "S9. Add additional products to the list - At SE Electrical Distribution",
      "image": "../images/LineEnt/S9.png",
      "decision_question": "",
      "choices": [
        {
          "to": "D3",
          "label": "Go to A decision on to enter line items using \"Quick\" entry needs to be taken"
        }
      ],
      "narr1": "Slide S9. Add additional products to the list — Add additional products to the list.",
      "narr2": "",
      "narr3": "S9. Add additional products to the list -  by searching for it and ading after entering the quality or from other shopping lists",
      "uap_url": "https://scottelectricusa.uap.infor.com/#/content/7c48240e-5e1d-4c52-98a3-b2c080251b5b?contextId=4c116798-abf1-4daf-b5d8-d2d249ecdaf2",
      "uap_label": "13-Copy Customer Sales Order",
      "FAQ_Loc": "../outputs/faq",
      "FAQ_File": "LineEnt2_FAQ.html",
      "FAQ_Label": "FAQ & Tips",
      "Quiz_Loc": "",
      "Quiz_File": "",
      "Quiz_Label": "",
      "meta": {
        "entity": "SE",
        "function": "Distro",
        "subentity": "Sales"
      }
    },
    {
      "sop_id": "LineEnt",
      "frame_code": "D3",
      "title": "D3. A decision on to enter line items using \"Quick\" entry needs to be taken - At SE Electrical Distribution",
      "image": "../images/LineEnt/D3.png",
      "decision_question": "Decision Quick line entry or other",
      "choices": [
        {
          "to": "Y3",
          "label": "Go to Yes, Quick line entry was selected"
        },
        {
          "to": "N3",
          "label": "No, the user is not using \"Quick Line\" Entry"
        }
      ],
      "narr1": "Slide D3. A decision on to enter line items using \"Quick\" entry needs to be taken — A decision on to enter line items using \"Quick\" entry needs to be taken.",
      "narr2": "",
      "narr3": "D3. A decision on to enter line items using Quick  entry needs to be taken -  The user chose not use the Easy entry or the Shopping list entry methods so has ot decide if they would like to enter using the quick entry",
      "uap_url": "",
      "uap_label": "",
      "FAQ_Loc": "../outputs/faq",
      "FAQ_File": "LineEnt2_FAQ.html",
      "FAQ_Label": "FAQ & Tips",
      "Quiz_Loc": "",
      "Quiz_File": "",
      "Quiz_Label": "",
      "meta": {
        "entity": "SE",
        "function": "Distro",
        "subentity": "Sales"
      }
    },
    {
      "sop_id": "LineEnt",
      "frame_code": "Y3",
      "title": "Y3. Yes, Quick line entry was selected - At SE Electrical Distribution",
      "image": "../images/LineEnt/Y3.png",
      "decision_question": "",
      "choices": [
        {
          "to": "S10",
          "label": "Go to Quick line entry"
        }
      ],
      "narr1": "Slide Y3. Yes, Quick line entry was selected — Yes, Quick line entry was selected.",
      "narr2": "",
      "narr3": "Y3. Yes, Quick line entry was selected -  The user has opted to use quick line entry The user should note Note: Pricing logic is not initiated when you select products in Quick Line Entry mode. If you use PD Pricing Setup records to set pricing and discounts for most of your products, you can enable alerts about products with associated PD records. Select the Check for Non-Standard Products in Easy and Quick Line Entry option in Sales Order Entry-Order Entry Defaults.",
      "uap_url": "",
      "uap_label": "",
      "FAQ_Loc": "../outputs/faq",
      "FAQ_File": "LineEnt2_FAQ.html",
      "FAQ_Label": "FAQ & Tips",
      "Quiz_Loc": "",
      "Quiz_File": "",
      "Quiz_Label": "",
      "meta": {
        "entity": "SE",
        "function": "Distro",
        "subentity": "Sales"
      }
    },
    {
      "sop_id": "LineEnt",
      "frame_code": "S10",
      "title": "S10. Quick line entry - At SE Electrical Distribution",
      "image": "../images/LineEnt/S10.png",
      "decision_question": "",
      "choices": [
        {
          "to": "S11",
          "label": "Go to Enter Product Number"
        }
      ],
      "narr1": "Slide S10. Quick line entry — Quick line entry.",
      "narr2": "",
      "narr3": "S10. Quick line entry -  Quick Select Sales > Entry > Order. Specify the required information on the Initiate page, and then click Next. Select Line Entry > Quick. Specify the quantity. Specify the product. Click Add. Optionally, change the price or unit. Add additional products to the grid. Click Add Lines to add the lines in the grid to the order. Finish the order. Use this mode to add multiple lines to an order simultaneously. Quick line entry requires fewer steps and processing time than single line entry. Use this method if you use a scanner to enter products on the order. Note: Pricing logic is not initiated when you select products in Quick Line Entry mode. If you use PD Pricing Setup records to set pricing and discounts for most of your products, you can enable alerts about products with associated PD records. Select the Check for Non-Standard Products in Easy and Quick Line Entry option in Sales Order Entry-Order Entry Defaults.",
      "uap_url": "",
      "uap_label": "Enter using Quick line Entry (No UAP)",
      "FAQ_Loc": "../outputs/faq",
      "FAQ_File": "LineEnt2_FAQ.html",
      "FAQ_Label": "FAQ & Tips",
      "Quiz_Loc": "",
      "Quiz_File": "",
      "Quiz_Label": "",
      "meta": {
        "entity": "SE",
        "function": "Distro",
        "subentity": "Sales"
      }
    },
    {
      "sop_id": "LineEnt",
      "frame_code": "S11",
      "title": "S11. Enter Product Number - At SE Electrical Distribution",
      "image": "../images/LineEnt/S11.png",
      "decision_question": "",
      "choices": [
        {
          "to": "S12",
          "label": "Go to Enter Quantity required"
        }
      ],
      "narr1": "Slide S11. Enter Product Number — Enter Product Number.",
      "narr2": "",
      "narr3": "S11. Enter Product Number -  During line entry products are searched in the easy mode the search option is Product and within that typing a few characters from the product will bring up matching list and will show you the quantity on hand under :in stock\"",
      "uap_url": "",
      "uap_label": "",
      "FAQ_Loc": "../outputs/faq",
      "FAQ_File": "LineEnt2_FAQ.html",
      "FAQ_Label": "FAQ & Tips",
      "Quiz_Loc": "",
      "Quiz_File": "",
      "Quiz_Label": "",
      "meta": {
        "entity": "SE",
        "function": "Distro",
        "subentity": "Sales"
      }
    },
    {
      "sop_id": "LineEnt",
      "frame_code": "S12",
      "title": "S12. Enter Quantity required - At SE Electrical Distribution",
      "image": "../images/LineEnt/S12.png",
      "decision_question": "",
      "choices": [
        {
          "to": "S13",
          "label": "Go to Enter Price Optional as system would offer best price for the customer"
        }
      ],
      "narr1": "Slide S12. Enter Quantity required — Enter Quantity required.",
      "narr2": "",
      "narr3": "S12. Enter Quantity required -  Before entering the quantity ensure that the product is available so the delivery requirements of the customer are met",
      "uap_url": "",
      "uap_label": "",
      "FAQ_Loc": "../outputs/faq",
      "FAQ_File": "LineEnt2_FAQ.html",
      "FAQ_Label": "FAQ & Tips",
      "Quiz_Loc": "",
      "Quiz_File": "",
      "Quiz_Label": "",
      "meta": {
        "entity": "SE",
        "function": "Distro",
        "subentity": "Sales"
      }
    },
    {
      "sop_id": "LineEnt",
      "frame_code": "S13",
      "title": "S13. Enter Price Optional as system would offer best price for the customer- At SE Electrical Distribution",
      "image": "../images/LineEnt/S13.png",
      "decision_question": "",
      "choices": [
        {
          "to": "D4",
          "label": "Go to Last product?"
        }
      ],
      "narr1": "Slide S13. Enter Price Optional as system would offer best price for the customer — Enter Price Optional as system would offer best price for the customer.",
      "narr2": "",
      "narr3": "S13. Enter Price Optional as system would offer best price for the customer- -  Price over ride should be an",
      "uap_url": "",
      "uap_label": "",
      "FAQ_Loc": "../outputs/faq",
      "FAQ_File": "LineEnt2_FAQ.html",
      "FAQ_Label": "FAQ & Tips",
      "Quiz_Loc": "",
      "Quiz_File": "",
      "Quiz_Label": "",
      "meta": {
        "entity": "SE",
        "function": "Distro",
        "subentity": "Sales"
      }
    },
    {
      "sop_id": "LineEnt",
      "frame_code": "D4",
      "title": "D4. Last product? - At SE Electrical Distribution",
      "image": "../images/LineEnt/D4.png",
      "decision_question": "Is this the last line in the order ?",
      "choices": [
        {
          "to": "Y4",
          "label": "Go to Yes, No more products to enter"
        },
        {
          "to": "N4",
          "label": "No, This is not the last item requested by the customer"
        }
      ],
      "narr1": "Slide D4. Last product? — Last product?.",
      "narr2": "",
      "narr3": "D4. Last product? -  The user needs to check if this is the last line on the order if so suitable actions need to be taken if not another line would be added",
      "uap_url": "",
      "uap_label": "",
      "FAQ_Loc": "../outputs/faq",
      "FAQ_File": "LineEnt2_FAQ.html",
      "FAQ_Label": "FAQ & Tips",
      "Quiz_Loc": "",
      "Quiz_File": "",
      "Quiz_Label": "",
      "meta": {
        "entity": "SE",
        "function": "Distro",
        "subentity": "Sales"
      }
    },
    {
      "sop_id": "LineEnt",
      "frame_code": "Y4",
      "title": "Y4. Yes, No more products to enter - At SE Electrical Distribution",
      "image": "../images/LineEnt/Y4.png",
      "decision_question": "",
      "choices": [
        {
          "to": "S14",
          "label": "Go to Add Quick List lines"
        }
      ],
      "narr1": "Slide Y4. Yes, No more products to enter — Yes, No more products to enter.",
      "narr2": "",
      "narr3": "Y4. Yes, No more products to enter -  Yes there are no more products to be added as per this selection by the user",
      "uap_url": "",
      "uap_label": "",
      "FAQ_Loc": "../outputs/faq",
      "FAQ_File": "LineEnt2_FAQ.html",
      "FAQ_Label": "FAQ & Tips",
      "Quiz_Loc": "",
      "Quiz_File": "",
      "Quiz_Label": "",
      "meta": {
        "entity": "SE",
        "function": "Distro",
        "subentity": "Sales"
      }
    },
    {
      "sop_id": "LineEnt",
      "frame_code": "S14",
      "title": "S14. Add Quick List lines - At SE Electrical Distribution",
      "image": "../images/LineEnt/S14.png",
      "decision_question": "Proceed to another branch or to the end of the path",
      "choices": [
        {
          "to": "N1",
          "label": "Go to No, the user is not using Easy line Entry"
        },
        {
          "to": "S998",
          "label": "GO to the End of the Path"
        }
      ],
      "narr1": "Slide S14. Add Quick List lines — Add Quick List lines.",
      "narr2": "",
      "narr3": "S14. Add Quick List lines -  Quick Use this mode to add multiple lines to an order simultaneously. Quick line entry requires fewer steps and processing time than single line entry. Use this method if you use a scanner to enter products on the order. Note: Pricing logic is not initiated when you select products in Quick Line Entry mode. If you use PD Pricing Setup records to set pricing and discounts for most of your products, you can enable alerts about products with associated PD records. Select the Check for Non-Standard Products in Easy and Quick Line Entry option in Sales Order Entry-Order Entry Defaults.",
      "uap_url": "",
      "uap_label": "Add quick lists (No UAP)",
      "FAQ_Loc": "../outputs/faq",
      "FAQ_File": "LineEnt2_FAQ.html",
      "FAQ_Label": "FAQ & Tips",
      "Quiz_Loc": "",
      "Quiz_File": "",
      "Quiz_Label": "",
      "meta": {
        "entity": "SE",
        "function": "Distro",
        "subentity": "Sales"
      }
    },
    {
      "sop_id": "LineEnt",
      "frame_code": "N1",
      "title": "N1. No, the user is not using Easy line Entry - At SE Electrical Distribution",
      "image": "../images/LineEnt/N1.png",
      "decision_question": "",
      "choices": [
        {
          "to": "N2",
          "label": "Go to No, the user is not using \"Shopping List\" Entry"
        }
      ],
      "narr1": "Slide N1. No, the user is not using Easy line Entry — No, the user is not using Easy line Entry.",
      "narr2": "",
      "narr3": "N1. No, the user is not using Easy line Entry -  No the user has chosen not to use the quick line entry hence would move to the next decsion point",
      "uap_url": "",
      "uap_label": "",
      "FAQ_Loc": "../outputs/faq",
      "FAQ_File": "LineEnt2_FAQ.html",
      "FAQ_Label": "FAQ & Tips",
      "Quiz_Loc": "",
      "Quiz_File": "",
      "Quiz_Label": "",
      "meta": {
        "entity": "SE",
        "function": "Distro",
        "subentity": "Sales"
      }
    },
    {
      "sop_id": "LineEnt",
      "frame_code": "N2",
      "title": "N2. No, the user is not using \"Shopping List\" Entry - At SE Electrical Distribution",
      "image": "../images/LineEnt/N2.png",
      "decision_question": "",
      "choices": [
        {
          "to": "N3",
          "label": "Go to No, the user is not using \"Quick Line\" Entry"
        }
      ],
      "narr1": "Slide N2. No, the user is not using \"Shopping List\" Entry — No, the user is not using \"Shopping List\" Entry.",
      "narr2": "",
      "narr3": "N2. No, the user is not using  Shopping Listâ  Entry -  No the user is not using a Shopping list and so would have to move to the next decision point",
      "uap_url": "",
      "uap_label": "",
      "FAQ_Loc": "../outputs/faq",
      "FAQ_File": "LineEnt2_FAQ.html",
      "FAQ_Label": "FAQ & Tips",
      "Quiz_Loc": "",
      "Quiz_File": "",
      "Quiz_Label": "",
      "meta": {
        "entity": "SE",
        "function": "Distro",
        "subentity": "Sales"
      }
    },
    {
      "sop_id": "LineEnt",
      "frame_code": "N3",
      "title": "N3. No, the user is not using \"Quick Line\" Entry - At SE Electrical Distribution",
      "image": "../images/LineEnt/N3.png",
      "decision_question": "",
      "choices": [
        {
          "to": "S15",
          "label": "Go to Advanced line entry selected"
        }
      ],
      "narr1": "Slide N3. No, the user is not using \"Quick Line\" Entry — No, the user is not using \"Quick Line\" Entry.",
      "narr2": "",
      "narr3": "N3. No, the user is not using  Quick Lineâ  Entry -  No the user is not using a quick line entry method and hence has to move to the next decsion block",
      "uap_url": "",
      "uap_label": "",
      "FAQ_Loc": "../outputs/faq",
      "FAQ_File": "LineEnt2_FAQ.html",
      "FAQ_Label": "FAQ & Tips",
      "Quiz_Loc": "",
      "Quiz_File": "",
      "Quiz_Label": "",
      "meta": {
        "entity": "SE",
        "function": "Distro",
        "subentity": "Sales"
      }
    },
    {
      "sop_id": "LineEnt",
      "frame_code": "S15",
      "title": "S15. Advanced line entry selected - At SE Electrical Distribution",
      "image": "../images/LineEnt/S15.png",
      "decision_question": "",
      "choices": [
        {
          "to": "S16",
          "label": "Go to Enter Product Info"
        }
      ],
      "narr1": "Slide S15. Advanced line entry selected — Advanced line entry selected.",
      "narr2": "",
      "narr3": "S15. Advanced line entry selected -  Advanced Use this mode to add a single line item to the order. In this mode, you can specify additional information that may be required for processing, such as sourcing, serial or lot number assignment, or pricing changes. Values for the line item that may differ from the order, such as Promise Date and Rush status, are available in the Extended Fields section. You can also use this mode to add a printed or internal comment to the line. All line entry modes in Sales Order Entry are available, with these exceptions: On Correction orders, only the Advanced and Return Multiple modes are available. On Direct Orders,only the Advanced mode is available. If you specify a product on a line and click Finish before you add the line to the order, these events occur: The line is added to the order. The order is completed.",
      "uap_url": "",
      "uap_label": "",
      "FAQ_Loc": "../outputs/faq",
      "FAQ_File": "LineEnt2_FAQ.html",
      "FAQ_Label": "FAQ & Tips",
      "Quiz_Loc": "",
      "Quiz_File": "",
      "Quiz_Label": "",
      "meta": {
        "entity": "SE",
        "function": "Distro",
        "subentity": "Sales"
      }
    },
    {
      "sop_id": "LineEnt",
      "frame_code": "S16",
      "title": "S16. Enter Product Info - At SE Electrical Distribution",
      "image": "../images/LineEnt/S16.png",
      "decision_question": "",
      "choices": [
        {
          "to": "D5",
          "label": "Go to Was Product found ?"
        }
      ],
      "narr1": "Slide S16. Enter Product Info — Enter Product Info.",
      "narr2": "",
      "narr3": "S16. Enter Product Info",
      "uap_url": "",
      "uap_label": "",
      "FAQ_Loc": "../outputs/faq",
      "FAQ_File": "LineEnt2_FAQ.html",
      "FAQ_Label": "FAQ & Tips",
      "Quiz_Loc": "",
      "Quiz_File": "",
      "Quiz_Label": "",
      "meta": {
        "entity": "SE",
        "function": "Distro",
        "subentity": "Sales"
      }
    },
    {
      "sop_id": "LineEnt",
      "frame_code": "D5",
      "title": "D5. Was Product found ?- At SE Electrical Distribution",
      "image": "../images/LineEnt/D5.png",
      "decision_question": "Was the product found",
      "choices": [
        {
          "to": "Y5",
          "label": "Go to Yes, Product was found"
        },
        {
          "to": "N5",
          "label": "No, Product was not found"
        }
      ],
      "narr1": "Slide D5. Was Product found ? — Was Product found ?.",
      "narr2": "",
      "narr3": "D5. Was Product found ? -  The product requested by the customer in not found in the system Even though items are constantly added to the catalog from lists provided by the manufacturer some times products may still be not defined hence this decision has to be made",
      "uap_url": "",
      "uap_label": "",
      "FAQ_Loc": "../outputs/faq",
      "FAQ_File": "LineEnt2_FAQ.html",
      "FAQ_Label": "FAQ & Tips",
      "Quiz_Loc": "",
      "Quiz_File": "",
      "Quiz_Label": "",
      "meta": {
        "entity": "SE",
        "function": "Distro",
        "subentity": "Sales"
      }
    },
    {
      "sop_id": "LineEnt",
      "frame_code": "Y5",
      "title": "Y5. Yes, Product was found - At SE Electrical Distribution",
      "image": "../images/LineEnt/Y5.png",
      "decision_question": "",
      "choices": [
        {
          "to": "S17",
          "label": "Go to Product Selected"
        }
      ],
      "narr1": "Slide Y5. Yes, Product was found — Yes, Product was found.",
      "narr2": "",
      "narr3": "Y5. Yes, Product was found -  Yes product was found",
      "uap_url": "",
      "uap_label": "",
      "FAQ_Loc": "../outputs/faq",
      "FAQ_File": "LineEnt2_FAQ.html",
      "FAQ_Label": "FAQ & Tips",
      "Quiz_Loc": "",
      "Quiz_File": "",
      "Quiz_Label": "",
      "meta": {
        "entity": "SE",
        "function": "Distro",
        "subentity": "Sales"
      }
    },
    {
      "sop_id": "LineEnt",
      "frame_code": "S17",
      "title": "S17. Product Selected - At SE Electrical Distribution",
      "image": "../images/LineEnt/S17.png",
      "decision_question": "",
      "choices": [
        {
          "to": "S18",
          "label": "Go to Enter Qty /UOM"
        }
      ],
      "narr1": "Slide S17. Product Selected — Product Selected.",
      "narr2": "",
      "narr3": "S17. Accept Product -  Since the product matching the requirement was found the appropriate action can now be taken",
      "uap_url": "",
      "uap_label": "",
      "FAQ_Loc": "../outputs/faq",
      "FAQ_File": "LineEnt2_FAQ.html",
      "FAQ_Label": "FAQ & Tips",
      "Quiz_Loc": "",
      "Quiz_File": "",
      "Quiz_Label": "",
      "meta": {
        "entity": "SE",
        "function": "Distro",
        "subentity": "Sales"
      }
    },
    {
      "sop_id": "LineEnt",
      "frame_code": "S18",
      "title": "S18. Enter Qty /UOM - At SE Electrical Distribution",
      "image": "../images/LineEnt/S18.png",
      "decision_question": "",
      "choices": [
        {
          "to": "D6",
          "label": "Go to Is this a Build on Demand Product?"
        }
      ],
      "narr1": "Slide S18. Enter Qty /UOM — Enter Qty /UOM.",
      "narr2": "",
      "narr3": "S18. Enter Qty /uom -  Enter the quantity and unit of issue",
      "uap_url": "",
      "uap_label": "",
      "FAQ_Loc": "../outputs/faq",
      "FAQ_File": "LineEnt2_FAQ.html",
      "FAQ_Label": "FAQ & Tips",
      "Quiz_Loc": "",
      "Quiz_File": "",
      "Quiz_Label": "",
      "meta": {
        "entity": "SE",
        "function": "Distro",
        "subentity": "Sales"
      }
    },
    {
      "sop_id": "LineEnt",
      "frame_code": "D6",
      "title": "D6. Is this a Build on Demand Product? - At SE Electrical Distribution",
      "image": "../images/LineEnt/D6.png",
      "decision_question": "Is this a build on demand or not",
      "choices": [
        {
          "to": "Y6",
          "label": "Go to Yes, it is a build on Demand Product"
        },
        {
          "to": "N6",
          "label": "No, It is not a Build on demand Product"
        }
      ],
      "narr1": "Slide D6. Is this a Build on Demand Product? — Is this a Build on Demand Product?.",
      "narr2": "",
      "narr3": "D6. Is this a Build on Demand Product? -  A decision needs to be taken if the item selected is a Build on demand kit product",
      "uap_url": "",
      "uap_label": "",
      "FAQ_Loc": "../outputs/faq",
      "FAQ_File": "LineEnt2_FAQ.html",
      "FAQ_Label": "FAQ & Tips",
      "Quiz_Loc": "",
      "Quiz_File": "",
      "Quiz_Label": "",
      "meta": {
        "entity": "SE",
        "function": "Distro",
        "subentity": "Sales"
      }
    },
    {
      "sop_id": "LineEnt",
      "frame_code": "Y6",
      "title": "Y6. Yes, it is a build on Demand Product - At SE Electrical Distribution",
      "image": "../images/LineEnt/Y6.png",
      "decision_question": "",
      "choices": [
        {
          "to": "S19",
          "label": "Go to Create Add Kit Components"
        }
      ],
      "narr1": "Slide Y6. Yes, it is a build on Demand Product — Yes, it is a build on Demand Product.",
      "narr2": "",
      "narr3": "Y6. Yes it is a build on Demand Product -  It is identified as a kit product",
      "uap_url": "",
      "uap_label": "",
      "FAQ_Loc": "../outputs/faq",
      "FAQ_File": "LineEnt2_FAQ.html",
      "FAQ_Label": "FAQ & Tips",
      "Quiz_Loc": "",
      "Quiz_File": "",
      "Quiz_Label": "",
      "meta": {
        "entity": "SE",
        "function": "Distro",
        "subentity": "Sales"
      }
    },
    {
      "sop_id": "LineEnt",
      "frame_code": "S19",
      "title": "S19. Create Add Kit Components - At SE Electrical Distribution",
      "image": "../images/LineEnt/S19.png",
      "decision_question": "",
      "choices": [
        {
          "to": "S21",
          "label": "Go to Confirm Pricing"
        }
      ],
      "narr1": "Slide S19. Create Add Kit Components — Create Add Kit Components.",
      "narr2": "",
      "narr3": "S19. Create Add Kit Components -  In Sales Order Entry, you can source single or multiple components for build-on-demand (BOD) or nonstock kits. You can tie a stock or nonstock component line to a purchase order or warehouse transfer, including a direct order. If a component of the prebuilt kit is another prebuilt kit, then you can tie the component kit to a work order. Kit component sourcing is initiated on the Kits page in Advanced Line Entry. You can source one or more components from the Multi-Comp Sourcing page. You can also source a component when you add a component to a kit. If you create a fabricated kit in Sales Order Entry, then you must source the components in KP Work Order Center Entry. Ties are only created if the quantity ordered is less than the quantity reserved. To create a tie for a component that has the full quantity reserved, add the kit to the sales order without sourcing the component. Then, in the Kit Details section for the component, change the reserved amount for component to less than the quantity needed before creating the tie. The tie is created for the quantity ordered less the quantity reserved. Note: You cannot delete a component that is tied to a source document from a sales order. Use these instructions to create a tie for one or more components: Create a stock order. In Advanced Line Entry, specify the BOD or nonstock kit in the Product field, and then specify the quantity. Click Kits. Select one or more components to tie to a sourcing document, and then click Multi-Comp Sourcing. Specify the product source. Complete the remaining fields for the selected product source. When you are sourcing a single component, the ARP vendor or warehouse is displayed. When you are sourcing multiple components, the ARP vendor or warehouse is not displayed because the ARP for each component can be different. Click Submit, and then click the left arrow to return to Advanced Line Entry. Click Add to add the line to the order. . Finish the order.",
      "uap_url": "https://scottelectricusa.uap.infor.com/#/content/ed322c6e-5326-45be-9e40-5deb9164b1ea?contextId=4c116798-abf1-4daf-b5d8-d2d249ecdaf2",
      "uap_label": "17-Enter Sales Order for Kits",
      "FAQ_Loc": "../outputs/faq",
      "FAQ_File": "LineEnt2_FAQ.html",
      "FAQ_Label": "FAQ & Tips",
      "Quiz_Loc": "",
      "Quiz_File": "",
      "Quiz_Label": "",
      "meta": {
        "entity": "SE",
        "function": "Distro",
        "subentity": "Sales"
      }
    },
    {
      "sop_id": "LineEnt",
      "frame_code": "S21",
      "title": "S21. Confirm Pricing - At SE Electrical Distribution",
      "image": "../images/LineEnt/S21.png",
      "decision_question": "",
      "choices": [
        {
          "to": "S22",
          "label": "Go to Add lines to sales order"
        }
      ],
      "narr1": "Slide S21. Confirm Pricing — Confirm Pricing.",
      "narr2": "",
      "narr3": "S21. Confirm Pricing -  Selling products for highest price paid If a customer places an order for a product and has historically paid a higher price than the price that defaults in Sales Order Entry, you can set system options to force the higher price for that product and customer. This ensures that the customer is not offered the product at a price less than they are accustomed to paying, and you receive the highest margin on the sale. This may also encourage customers to agree to a contract price to receive a better price in the future. To implement the Highest Price Paid pricing search, you must set two options in SA Administrator Options-Documents-Sales Orders: Months History and Exclude Level 2. These options define the number of months of sales history to search for the highest price, and whether to exclude Price Type Level 2 sales in the search. The Highest Price Paid search is not conducted if the original default price was determined using a contract price. A contract price is a Price Type level 1 (Customer/Product) PD Pricing Setup record. The contract price is not changed by the Highest Price Paid search. Additionally, if you use Price Type level 2 pricing records (Cust/Prod Price Type, Cust/Prod Line, Cust/Prod Cat, or Cust/Rebate Type), and the Exclude Level 2 option is selected, any prices that originally default on the sales order line using level 2 pricing records are not overridden by the highest price paid. If you use promotional pricing, you still have the option to choose between the promotional price and non-promotional price. The non-promotional price reflects the highest price, if it applies. If you do not have permission to select a promotional price (the Access Promo Price in OE option in SA Operator Setup-Entry Options is not selected), the Promo Price Default selection in SA Administrator Options-Documents-Sales Orders determines the price to use: Lowest, Promo, or Regular. This automatic selection may result in the promo price instead of the highest price being selected. You can override contractual level pricing with multiple level price search. This pricing search can conflict with the Highest Price Paid search. We recommend you select one method or the other, not both. When a sales order line price is replaced with a higher price by this search, the order number, suffix, and line number are stored on the new order line. In addition, the Price Origin Code is set to  Hâ . This code is displayed in Sales Order Inquiry and Sales Customer Pricing Inquiry. To prevent the highest price search in Sales Customer Pricing Inquiry, select Return/Ignore Highest Price. Run the Sales Order Master List Report to see the Highest Price Order and Line that affected the Highest Price calculation. This is printed under the Original System Line Data section.",
      "uap_url": "",
      "uap_label": "",
      "FAQ_Loc": "../outputs/faq",
      "FAQ_File": "LineEnt2_FAQ.html",
      "FAQ_Label": "FAQ & Tips",
      "Quiz_Loc": "",
      "Quiz_File": "",
      "Quiz_Label": "",
      "meta": {
        "entity": "SE",
        "function": "Distro",
        "subentity": "Sales"
      }
    },
    {
      "sop_id": "LineEnt",
      "frame_code": "S22",
      "title": "S22. Add lines to sales order - At SE Electrical Distribution",
      "image": "../images/LineEnt/S22.png",
      "decision_question": "Proceed to another branch or to the end of the path",
      "choices": [
        {
          "to": "N4",
          "label": "Go to No, This is not the last item requested by the customer"
        },
        {
          "to": "S998",
          "label": "GO to the End of the Path"
        }
      ],
      "narr1": "Slide S22. Add lines to sales order — Add lines to sales order.",
      "narr2": "",
      "narr3": "S22. Add lines to sales order -  Add more lines using one of the methods discussed",
      "uap_url": "",
      "uap_label": "",
      "FAQ_Loc": "../outputs/faq",
      "FAQ_File": "LineEnt2_FAQ.html",
      "FAQ_Label": "FAQ & Tips",
      "Quiz_Loc": "",
      "Quiz_File": "",
      "Quiz_Label": "",
      "meta": {
        "entity": "SE",
        "function": "Distro",
        "subentity": "Sales"
      }
    },
    {
      "sop_id": "LineEnt",
      "frame_code": "N4",
      "title": "N4. No, This is not the last item requested by the customer - At SE Electrical Distribution",
      "image": "../images/LineEnt/N4.png",
      "decision_question": "",
      "choices": [
        {
          "to": "N6",
          "label": "Go to No, It is not a Build on demand Product"
        }
      ],
      "narr1": "Slide N4. No, This is not the last item requested by the customer — No, This is not the last item requested by the customer.",
      "narr2": "",
      "narr3": "N4. No, More products need to be entered -  No, More products need to be entered",
      "uap_url": "",
      "uap_label": "",
      "FAQ_Loc": "../outputs/faq",
      "FAQ_File": "LineEnt2_FAQ.html",
      "FAQ_Label": "FAQ & Tips",
      "Quiz_Loc": "",
      "Quiz_File": "",
      "Quiz_Label": "",
      "meta": {
        "entity": "SE",
        "function": "Distro",
        "subentity": "Sales"
      }
    },
    {
      "sop_id": "LineEnt",
      "frame_code": "N6",
      "title": "N6. No, It is not a Build on demand Product - At SE Electrical Distribution",
      "image": "../images/LineEnt/N6.png",
      "decision_question": "",
      "choices": [
        {
          "to": "N5",
          "label": "Go to No, Product was not found"
        }
      ],
      "narr1": "Slide N6. No, It is not a Build on demand Product — No, It is not a Build on demand Product.",
      "narr2": "",
      "narr3": "N6. No, It is not a Build on demand Product -  No this is not a build on demand product hence can follow the standard path chosen for line entry",
      "uap_url": "",
      "uap_label": "",
      "FAQ_Loc": "../outputs/faq",
      "FAQ_File": "LineEnt2_FAQ.html",
      "FAQ_Label": "FAQ & Tips",
      "Quiz_Loc": "",
      "Quiz_File": "",
      "Quiz_Label": "",
      "meta": {
        "entity": "SE",
        "function": "Distro",
        "subentity": "Sales"
      }
    },
    {
      "sop_id": "LineEnt",
      "frame_code": "N5",
      "title": "N5. No, Product was not found - At SE Electrical Distribution",
      "image": "../images/LineEnt/N5.png",
      "decision_question": "",
      "choices": [
        {
          "to": "S20",
          "label": "Go to Create Non"
        }
      ],
      "narr1": "Slide N5. No, Product was not found — No, Product was not found.",
      "narr2": "",
      "narr3": "S20. Create Non-Stock Product -  Create a non stock product if the user is authorized to do should follow the following steps Use these instructions to create an order for a product that your warehouse does not stock. You can enter a nonstock product if Yes is selected for Allow Entry of Non-Stocks on your SA Operator Setup record. Use these instructions to create an order for a product that your warehouse does not stock. You can enter a nonstock product if Yes is selected for Allow Entry of Non-Stocks on your SA Operator Setup record. Select Sales > Entry > Order. Create or maintain an order. In Advanced Line Entry, select Non-Stock in the Line Type field. On the Non-stock page, specify the nonstock product in the Product field. If the product already exists in the catalog, in inventory, or as an existing nonstock item, click Yes to use that product and its settings. If the Use Previous Non-Stock Settings option is selected in SA Operator Setup, the default product category from SA Administrator Options-Products-Defaults is assigned to the line. If there is no default product category, the product category from the most recent, active nonstock receipt is assigned. If there are no active nonstock receipts in Product Adjust Non-stock/Direct Order Entry, the product category from the most recent, inactive receipt is assigned. If the product is available in the ordering warehouse, or is an active nonstock that is set up in Product Adjust Non-stock/Direct Order Entry, and the Allow Non Stock Qty Ship Override option is selected in SA Operator Setup, you can force ship the available quantity to fill this order. If the product is available in another warehouse, you are notified that nonstock surplus exists in another warehouse. You can then tie this order to a warehouse transfer. If you use the existing settings, and surplus stock or nonstock product is available in other warehouses, an additional notification about surplus availability is displayed. You can change the warehouse to obtain the item from the other warehouse. Specify a product description and a product category. The product description is included on orders, invoices, and pick tickets. To source the product from a vendor, specify the vendor and product line. If you entered a quote order and plan to copy it to a direct order, you must specify a vendor. Otherwise, specify a warehouse in the next step. If you do not specify a vendor or warehouse, the nonstock line on the quote order is not copied to the direct order. To source the product from another warehouse, specify the warehouse. Depending on the product, the Non-Stock Quantity Available and Stock Quantity Available for the warehouse is displayed on this page. Use the Product lookup to see the quantities that are available in other warehouses. If you entered a quote order and plan to copy it to a direct order, you must enter a warehouse. Otherwise, specify a vendor number in the previous step. If you do not enter a vendor or warehouse, the nonstock line on the quote order is not copied to the direct order. Optionally, select one of these values in the Item Type field: Review For Inventory Select this value if you expect frequent orders of the nonstock product and think it should be added to stocked inventory. An Event Manager trigger is created. It notifies someone in your organization to convert this item to stock and review it in future replenishment cycles. This value is available only if the Event Manager event is active. Create As OAN-NS Select this value to create the nonstock product as an order as needed-nonstock (OAN-NS) product. To make this value available, a valid value must be selected for Allow OAN-NS Stocking in OE for Catalog on your SA Operator Setup record. Create As Catalog Select this value to create a catalog product from this product. To make this value available, the Catalog Stocked option in SA Administrator Options-Products-Defaults-Sales Processing must be selected. If you selected Create As OAN-NS or Create As Catalog in the previous step, click Default Fields. Specify the unit, serial or lot control, and special price/costing values to include on the Product Catalog Setup or Product Setup record. Click Submit. Specify a cost and other pricing information. If you do not specify a cost, then the order cannot be invoice processed. If the product is associated with a Pricing and Discounting record, you can adjust the price level on the Pricing view. This applies to all price levels. Optionally, select these options: Back Order Select this option to automatically create a back order when the shipped quantity is less than the ordered quantity. If Allow Back Order is not selected on the customer record, this message is displayed when you exit the Non-Stock page: Non-Stock Product; No Back Order Scheduled; Adjusted if Exists. You must then clear the Back Order option in the Nonstock page or the Extended Fields section on the Order Entry Advanced Line Entry page. Create Purchase Order If you specified a vendor in a previous step, select this option to create a purchase order for the product. To make this value available, a valid value must be selected for PO/WT Ties on your SA Operator Setup record. You cannot create a sourcing purchase order for a vendor or a vendor ship from that does not allow purchase orders. Rush Select this option to expedite the product. You can specify a rush amount in the Extended Fields section. Copy Comments Select this option to copy comments from the sales order line to the source document. NCNR Select this option if the nonstock is non-cancellable, non-returnable product. Complete the remaining applicable fields, and then click Submit. Specify the quantity, and verify the unit and price. To tie the line a PO or WT, click Sourcing. Select the product source. Specify or make changes to the related product source information. Click Submit. Click Add to add the line to the order. If the source document was created, the number is displayed. If the line is tied to a purchase order or transfer, the number of the source document is displayed. Complete the order. If you add additional nonstock products to the order, the default settings for the previous nonstock product on the order are displayed. This feature is not available if No is selected for Use Previous Non-Stock Settings on your SA Operator Setup record. Select Sales > Entry > Order. Create or maintain an order. In Advanced Line Entry, select Non-Stock in the Line Type field. On the Non-stock page, specify the nonstock product in the Product field. If the product already exists in the catalog, in inventory, or as an existing nonstock item, click Yes to use that product and its settings. If the Use Previous Non-Stock Settings option is selected in SA Operator Setup, the default product category from SA Administrator Options-Products-Defaults is assigned to the line. If there is no default product category, the product category from the most recent, active nonstock receipt is assigned. If there are no active nonstock receipts in Product Adjust Non-stock/Direct Order Entry, the product category from the most recent, inactive receipt is assigned. If the product is available in the ordering warehouse, or is an active nonstock that is set up in Product Adjust Non-stock/Direct Order Entry, and the Allow Non Stock Qty Ship Override option is selected in SA Operator Setup, you can force ship the available quantity to fill this order. If the product is available in another warehouse, you are notified that nonstock surplus exists in another warehouse. You can then tie this order to a warehouse transfer. If you use the existing settings, and surplus stock or nonstock product is available in other warehouses, an additional notification about surplus availability is displayed. You can change the warehouse to obtain the item from the other warehouse. Specify a product description and a product category. The product description is included on orders, invoices, and pick tickets. To source the product from a vendor, specify the vendor and product line. If you entered a quote order and plan to copy it to a direct order, you must specify a vendor. Otherwise, specify a warehouse in the next step. If you do not specify a vendor or warehouse, the nonstock line on the quote order is not copied to the direct order. To source the product from another warehouse, specify the warehouse. Depending on the product, the Non-Stock Quantity Available and Stock Quantity Available for the warehouse is displayed on this page. Use the Product lookup to see the quantities that are available in other warehouses. If you entered a quote order and plan to copy it to a direct order, you must enter a warehouse. Otherwise, specify a vendor number in the previous step. If you do not enter a vendor or warehouse, the nonstock line on the quote order is not copied to the direct order. Optionally, select one of these values in the Item Type field: Review For Inventory Select this value if you expect frequent orders of the nonstock product and think it should be added to stocked inventory. An Event Manager trigger is created. It notifies someone in your organization to convert this item to stock and review it in future replenishment cycles. This value is available only if the Event Manager event is active. Create As OAN-NS Select this value to create the nonstock product as an order as needed-nonstock (OAN-NS) product. To make this value available, a valid value must be selected for Allow OAN-NS Stocking in OE for Catalog on your SA Operator Setup record. Create As Catalog Select this value to create a catalog product from this product. To make this value available, the Catalog Stocked option in SA Administrator Options-Products-Defaults-Sales Processing must be selected. If you selected Create As OAN-NS or Create As Catalog in the previous step, click Default Fields. Specify the unit, serial or lot control, and special price/costing values to include on the Product Catalog Setup or Product Setup record. Click Submit. Specify a cost and other pricing information. If you do not specify a cost, then the order cannot be invoice processed. If the product is associated with a Pricing and Discounting record, you can adjust the price level on the Pricing view. This applies to all price levels. Optionally, select these options: Back Order Select this option to automatically create a back order when the shipped quantity is less than the ordered quantity. If Allow Back Order is not selected on the customer record, this message is displayed when you exit the Non-Stock page: Non-Stock Product; No Back Order Scheduled; Adjusted if Exists. You must then clear the Back Order option in the Nonstock page or the Extended Fields section on the Order Entry Advanced Line Entry page. Create Purchase Order If you specified a vendor in a previous step, select this option to create a purchase order for the product. To make this value available, a valid value must be selected for PO/WT Ties on your SA Operator Setup record. You cannot create a sourcing purchase order for a vendor or a vendor ship from that does not allow purchase orders. Rush Select this option to expedite the product. You can specify a rush amount in the Extended Fields section. Copy Comments Select this option to copy comments from the sales order line to the source document. NCNR Select this option if the nonstock is non-cancellable, non-returnable product. Complete the remaining applicable fields, and then click Submit. Specify the quantity, and verify the unit and price. To tie the line a PO or WT, click Sourcing. Select the product source. Specify or make changes to the related product source information. Click Submit. Click Add to add the line to the order. If the source document was created, the number is displayed. If the line is tied to a purchase order or transfer, the number of the source document is displayed. Complete the order. If you add additional nonstock products to the order, the default settings for the previous nonstock product on the order are displayed. This feature is not available if No is selected for Use Previous Non-Stock Settings on your SA Operator Setup record.",
      "uap_url": "https://scottelectricusa.uap.infor.com/#/content/f97aa974-919d-4d99-9636-744790f472cc?contextId=a1856482-743b-42ae-9935-0b1dd402a198",
      "uap_label": "06_Enter a Non-Stock Product on an Order",
      "FAQ_Loc": "../outputs/faq",
      "FAQ_File": "LineEnt2_FAQ.html",
      "FAQ_Label": "FAQ & Tips",
      "Quiz_Loc": "",
      "Quiz_File": "",
      "Quiz_Label": "",
      "meta": {
        "entity": "SE",
        "function": "Distro",
        "subentity": "Sales"
      }
    },
    {
      "sop_id": "LineEnt",
      "frame_code": "S20",
      "title": "S20. Create Non-Stock Product - At SE Electrical Distribution",
      "image": "../images/LineEnt/S20.png",
      "decision_question": "",
      "choices": [
        {
          "to": "S998",
          "label": "Go to You’ve reached the end of this path"
        }
      ],
      "narr1": "Slide S20. Create Non — Create Non-stock item.",
      "narr2": "",
      "narr3": "N5. No product was found",
      "uap_url": "https://scottelectricusa.uap.infor.com/#/content/f97aa974-919d-4d99-9636-744790f472cc?contextId=a1856482-743b-42ae-9935-0b1dd402a198",
      "uap_label": "06_Enter a Non-Stock Product on an Order",
      "FAQ_Loc": "../outputs/faq",
      "FAQ_File": "LineEnt2_FAQ.html",
      "FAQ_Label": "FAQ & Tips",
      "Quiz_Loc": "",
      "Quiz_File": "",
      "Quiz_Label": "",
      "meta": {
        "entity": "SE",
        "function": "Distro",
        "subentity": "Sales"
      }
    },
    {
      "sop_id": "LineEnt",
      "frame_code": "S998",
      "title": "S998. You’ve reached the end of this path - At SE Electrical Distribution",
      "image": "../images/LineEnt/S998.png",
      "decision_question": "",
      "choices": [
        {
          "to": "S999",
          "label": "Go to You have successfully completed this SOP"
        }
      ],
      "narr1": "Slide S998. You’ve reached the end of this path — You’ve reached the end of this path.",
      "narr2": "",
      "narr3": "N5. No, Product was not found -  No the product was not found hence a Non stock item would have to be created using the SE specific rules",
      "uap_url": "",
      "uap_label": "",
      "FAQ_Loc": "faq",
      "FAQ_File": "LineEnt2_FAQ.html",
      "FAQ_Label": "FAQ & Tips",
      "Quiz_Loc": "",
      "Quiz_File": "",
      "Quiz_Label": "",
      "meta": {
        "entity": "SE",
        "function": "Distro",
        "subentity": "Sales"
      }
    },
    {
      "sop_id": "LineEnt",
      "frame_code": "S999",
      "title": "S999. You have successfully completed this SOP",
      "image": "../images/LineEnt/S999.png",
      "decision_question": "",
      "choices": [],
      "narr1": "Slide S999. You have successfully completed this SOP — You have successfully completed this SOP.",
      "narr2": "",
      "narr3": "S999. You have successfully completed this SOP -  Congratulations you have now traversed all the possible paths for this SOP of port to sales order While it is good that you've traversed all the paths what you need to do is to practice and become efficient and be able to translate your current work to the new system Have a nice day",
      "uap_url": "",
      "uap_label": "",
      "FAQ_Loc": "",
      "FAQ_File": "",
      "FAQ_Label": "",
      "Quiz_Loc": "../outputs/quiz",
      "Quiz_File": "LineEnt2_Quiz.html",
      "Quiz_Label": "Knowledge Check",
      "meta": {
        "entity": "SE",
        "function": "Distro",
        "subentity": "Sales"
      }
    }
  ]
}